algoritmo,n,tipo,dominio,muestra,tiempo_segundos,memoria_peak_kb
naive,16,dispersa,D0,a,1.483e-06,4052
strassen,16,dispersa,D0,a,2.154e-06,4308
naive,16,dispersa,D0,b,1.252e-06,4308
strassen,16,dispersa,D0,b,1.562e-06,4308
naive,16,dispersa,D0,c,1.443e-06,4308
strassen,16,dispersa,D0,c,1.933e-06,4308
naive,16,dispersa,D10,a,1.232e-06,4308
strassen,16,dispersa,D10,a,2.204e-06,4308
naive,16,dispersa,D10,b,1.543e-06,4308
strassen,16,dispersa,D10,b,1.382e-06,4308
naive,16,dispersa,D10,c,1.233e-06,4308
strassen,16,dispersa,D10,c,1.383e-06,4308
naive,16,diagonal,D0,a,1.223e-06,4308
strassen,16,diagonal,D0,a,1.353e-06,4308
naive,16,diagonal,D0,b,1.223e-06,4308
strassen,16,diagonal,D0,b,1.342e-06,4308
naive,16,diagonal,D0,c,1.233e-06,4308
strassen,16,diagonal,D0,c,1.984e-06,4308
naive,16,diagonal,D10,a,1.643e-06,4308
strassen,16,diagonal,D10,a,1.713e-06,4308
naive,16,diagonal,D10,b,1.483e-06,4308
strassen,16,diagonal,D10,b,1.543e-06,4308
naive,16,diagonal,D10,c,1.452e-06,4308
strassen,16,diagonal,D10,c,1.523e-06,4308
naive,16,densa,D0,a,1.462e-06,4308
strassen,16,densa,D0,a,1.943e-06,4308
naive,16,densa,D0,b,1.413e-06,4308
strassen,16,densa,D0,b,1.573e-06,4308
naive,16,densa,D0,c,1.573e-06,4308
strassen,16,densa,D0,c,1.793e-06,4308
naive,16,densa,D10,a,1.794e-06,4308
strassen,16,densa,D10,a,1.683e-06,4308
naive,16,densa,D10,b,1.883e-06,4308
strassen,16,densa,D10,b,1.883e-06,4308
naive,16,densa,D10,c,1.232e-06,4308
strassen,16,densa,D10,c,2.034e-06,4308
naive,64,dispersa,D0,a,5.0504e-05,4436
strassen,64,dispersa,D0,a,7.8236e-05,4436
naive,64,dispersa,D0,b,5.0464e-05,4436
strassen,64,dispersa,D0,b,6.2136e-05,4436
naive,64,dispersa,D0,c,5.0374e-05,4436
strassen,64,dispersa,D0,c,7.9749e-05,4436
naive,64,dispersa,D10,a,5.0504e-05,4436
strassen,64,dispersa,D10,a,7.5511e-05,4436
naive,64,dispersa,D10,b,6.2858e-05,4436
strassen,64,dispersa,D10,b,5.8109e-05,4436
naive,64,dispersa,D10,c,5.0545e-05,4436
strassen,64,dispersa,D10,c,6.1145e-05,4436
naive,64,diagonal,D0,a,5.6326e-05,4436
strassen,64,diagonal,D0,a,5.9551e-05,4436
naive,64,diagonal,D0,b,6.5252e-05,4436
strassen,64,diagonal,D0,b,0.000113685,4436
naive,64,diagonal,D0,c,7.5982e-05,4436
strassen,64,diagonal,D0,c,0.000183306,4436
naive,64,diagonal,D10,a,0.000291936,4436
strassen,64,diagonal,D10,a,0.000613347,4436
naive,64,diagonal,D10,b,5.0374e-05,4436
strassen,64,diagonal,D10,b,7.8747e-05,4436
naive,64,diagonal,D10,c,7.5993e-05,4436
strassen,64,diagonal,D10,c,7.6102e-05,4436
naive,64,densa,D0,a,7.7225e-05,4436
strassen,64,densa,D0,a,6.4751e-05,4436
naive,64,densa,D0,b,0.000125043,4436
strassen,64,densa,D0,b,6.8258e-05,4436
naive,64,densa,D0,c,6.3258e-05,4436
strassen,64,densa,D0,c,0.000269448,4436
naive,64,densa,D10,a,5.0435e-05,4436
strassen,64,densa,D10,a,5.0865e-05,4436
naive,64,densa,D10,b,5.0404e-05,4436
strassen,64,densa,D10,b,5.0604e-05,4436
naive,64,densa,D10,c,5.0764e-05,4436
strassen,64,densa,D10,c,7.8086e-05,4436
naive,256,dispersa,D0,a,0.00349742,5204
strassen,256,dispersa,D0,a,0.00601279,6612
naive,256,dispersa,D0,b,0.00369955,6612
strassen,256,dispersa,D0,b,0.00438196,6612
naive,256,dispersa,D0,c,0.00374958,6612
strassen,256,dispersa,D0,c,0.00460157,6612
naive,256,dispersa,D10,a,0.00353038,6612
strassen,256,dispersa,D10,a,0.00474062,6612
naive,256,dispersa,D10,b,0.00370911,6612
strassen,256,dispersa,D10,b,0.00497785,6612
naive,256,dispersa,D10,c,0.00355711,6612
strassen,256,dispersa,D10,c,0.00486945,6612
naive,256,diagonal,D0,a,0.00419007,6612
strassen,256,diagonal,D0,a,0.00420681,6612
naive,256,diagonal,D0,b,0.00395352,6612
strassen,256,diagonal,D0,b,0.00405529,6612
naive,256,diagonal,D0,c,0.00366154,6612
strassen,256,diagonal,D0,c,0.00381257,6612
naive,256,diagonal,D10,a,0.00355094,6612
strassen,256,diagonal,D10,a,0.00406625,6612
naive,256,diagonal,D10,b,0.00418041,6612
strassen,256,diagonal,D10,b,0.00384336,6612
naive,256,diagonal,D10,c,0.00452186,6612
strassen,256,diagonal,D10,c,0.00411115,6612
naive,256,densa,D0,a,0.00386024,6612
strassen,256,densa,D0,a,0.00396822,6612
naive,256,densa,D0,b,0.00359854,6612
strassen,256,densa,D0,b,0.00416373,6612
naive,256,densa,D0,c,0.00371654,6612
strassen,256,densa,D0,c,0.00611165,6612
naive,256,densa,D10,a,0.00516112,6612
strassen,256,densa,D10,a,0.006522,6612
naive,256,densa,D10,b,0.00437385,6612
strassen,256,densa,D10,b,0.00419687,6612
naive,256,densa,D10,c,0.00389054,6612
strassen,256,densa,D10,c,0.0040332,6612
naive,1024,dispersa,D0,a,0.247382,16724
strassen,1024,dispersa,D0,a,0.25073,40444
naive,1024,dispersa,D0,b,0.236745,40444
strassen,1024,dispersa,D0,b,0.226032,40444
naive,1024,dispersa,D0,c,0.226494,40444
strassen,1024,dispersa,D0,c,0.180188,40444
naive,1024,dispersa,D10,a,0.180603,40444
strassen,1024,dispersa,D10,a,0.167491,40444
naive,1024,dispersa,D10,b,0.177182,40444
strassen,1024,dispersa,D10,b,0.168146,40444
naive,1024,dispersa,D10,c,0.172092,40444
strassen,1024,dispersa,D10,c,0.178921,40444
naive,1024,diagonal,D0,a,0.171259,40444
strassen,1024,diagonal,D0,a,0.157771,40444
naive,1024,diagonal,D0,b,0.173508,40444
strassen,1024,diagonal,D0,b,0.161287,40444
naive,1024,diagonal,D0,c,0.17797,40444
strassen,1024,diagonal,D0,c,0.15603,40444
naive,1024,diagonal,D10,a,0.1712,40444
strassen,1024,diagonal,D10,a,0.162661,40444
naive,1024,diagonal,D10,b,0.178795,40444
strassen,1024,diagonal,D10,b,0.189344,40444
naive,1024,diagonal,D10,c,0.186111,40444
strassen,1024,diagonal,D10,c,0.162242,40444
naive,1024,densa,D0,a,0.17208,40444
strassen,1024,densa,D0,a,0.159541,40444
naive,1024,densa,D0,b,0.193852,40444
strassen,1024,densa,D0,b,0.173592,40444
naive,1024,densa,D0,c,0.178621,40444
strassen,1024,densa,D0,c,0.148124,40444
naive,1024,densa,D10,a,0.175986,40444
strassen,1024,densa,D10,a,0.152961,40444
naive,1024,densa,D10,b,0.173461,40444
strassen,1024,densa,D10,b,0.156717,40444
naive,1024,densa,D10,c,0.169453,40444
strassen,1024,densa,D10,c,0.163654,40444
